{
  "lang":"en",
  "name":"ner_bc5cdr_md",
  "version":"0.5.4",
  "description":"Spacy Models for Biomedical Text.",
  "author":"Allen Institute for Artificial Intelligence",
  "email":"ai2-info@allenai.org",
  "url":"https://allenai.github.io/SciSpaCy/",
  "license":"CC BY-SA 3.0",
  "spacy_version":">=3.7.4,<3.8.0",
  "spacy_git_version":"bff8725f4",
  "vectors":{
    "width":200,
    "vectors":50000,
    "keys":4087446,
    "name":"en_core_sci_md.vectors",
    "mode":"default"
  },
  "labels":{
    "tok2vec":[

    ],
    "tagger":[
      "$",
      "''",
      ",",
      "-LRB-",
      "-RRB-",
      ".",
      ":",
      "ADD",
      "AFX",
      "CC",
      "CD",
      "DT",
      "EX",
      "FW",
      "HYPH",
      "IN",
      "JJ",
      "JJR",
      "JJS",
      "LS",
      "MD",
      "NFP",
      "NN",
      "NNP",
      "NNPS",
      "NNS",
      "PDT",
      "POS",
      "PRP",
      "PRP$",
      "RB",
      "RBR",
      "RBS",
      "RP",
      "SYM",
      "TO",
      "UH",
      "VB",
      "VBD",
      "VBG",
      "VBN",
      "VBP",
      "VBZ",
      "WDT",
      "WP",
      "WP$",
      "WRB",
      "XX",
      "``"
    ],
    "attribute_ruler":[

    ],
    "lemmatizer":[

    ],
    "parser":[
      "ROOT",
      "acl",
      "acl:relcl",
      "acomp",
      "advcl",
      "advmod",
      "amod",
      "amod@nmod",
      "appos",
      "attr",
      "aux",
      "auxpass",
      "case",
      "cc",
      "cc:preconj",
      "ccomp",
      "compound",
      "compound:prt",
      "conj",
      "cop",
      "csubj",
      "dative",
      "dep",
      "det",
      "det:predet",
      "dobj",
      "expl",
      "intj",
      "mark",
      "meta",
      "mwe",
      "neg",
      "nmod",
      "nmod:npmod",
      "nmod:poss",
      "nmod:tmod",
      "nsubj",
      "nsubjpass",
      "nummod",
      "parataxis",
      "pcomp",
      "pobj",
      "preconj",
      "predet",
      "prep",
      "punct",
      "quantmod",
      "xcomp"
    ],
    "ner":[
      "CHEMICAL",
      "DISEASE"
    ]
  },
  "pipeline":[
    "tok2vec",
    "tagger",
    "attribute_ruler",
    "lemmatizer",
    "parser",
    "ner"
  ],
  "components":[
    "tok2vec",
    "tagger",
    "attribute_ruler",
    "lemmatizer",
    "parser",
    "ner"
  ],
  "disabled":[

  ],
  "performance":{
    "tag_acc":0.0,
    "lemma_acc":0.0,
    "dep_uas":0.0,
    "dep_las":0.0,
    "dep_las_per_type":0.0,
    "sents_p":0.0,
    "sents_r":0.0,
    "sents_f":0.0,
    "ents_f":0.8531055233,
    "ents_p":0.867934842,
    "ents_r":0.8387744321,
    "ents_per_type":{
      "CHEMICAL":{
        "p":0.9067829457,
        "r":0.8778611632,
        "f":0.8920877026
      },
      "DISEASE":{
        "p":0.8176573865,
        "r":0.7883917775,
        "f":0.8027579414
      }
    },
    "ner_loss":1998.7021621001
  },
  "sources":[
    "BC5CDR",
    "OntoNotes 5",
    "Common Crawl",
    "GENIA 1.0"
  ],
  "requirements":[

  ]
}